{
  "hash": "2d95336d",
  "configHash": "191ec968",
  "lockfileHash": "a11127e4",
  "browserHash": "5634c063",
  "optimized": {
    "@angular/cdk/drag-drop": {
      "src": "../../../../../../node_modules/@angular/cdk/fesm2022/drag-drop.mjs",
      "file": "@angular_cdk_drag-drop.js",
      "fileHash": "9ff2c3d4",
      "needsInterop": false
    },
    "@angular/common": {
      "src": "../../../../../../node_modules/@angular/common/fesm2022/common.mjs",
      "file": "@angular_common.js",
      "fileHash": "15090149",
      "needsInterop": false
    },
    "@angular/core": {
      "src": "../../../../../../node_modules/@angular/core/fesm2022/core.mjs",
      "file": "@angular_core.js",
      "fileHash": "32ad2fe9",
      "needsInterop": false
    },
    "@angular/forms": {
      "src": "../../../../../../node_modules/@angular/forms/fesm2022/forms.mjs",
      "file": "@angular_forms.js",
      "fileHash": "c994064f",
      "needsInterop": false
    },
    "@angular/material/button": {
      "src": "../../../../../../node_modules/@angular/material/fesm2022/button.mjs",
      "file": "@angular_material_button.js",
      "fileHash": "89839858",
      "needsInterop": false
    },
    "@angular/material/button-toggle": {
      "src": "../../../../../../node_modules/@angular/material/fesm2022/button-toggle.mjs",
      "file": "@angular_material_button-toggle.js",
      "fileHash": "b50705d2",
      "needsInterop": false
    },
    "@angular/material/card": {
      "src": "../../../../../../node_modules/@angular/material/fesm2022/card.mjs",
      "file": "@angular_material_card.js",
      "fileHash": "b5daf46f",
      "needsInterop": false
    },
    "@angular/material/checkbox": {
      "src": "../../../../../../node_modules/@angular/material/fesm2022/checkbox.mjs",
      "file": "@angular_material_checkbox.js",
      "fileHash": "6dac3310",
      "needsInterop": false
    },
    "@angular/material/chips": {
      "src": "../../../../../../node_modules/@angular/material/fesm2022/chips.mjs",
      "file": "@angular_material_chips.js",
      "fileHash": "ebce8f39",
      "needsInterop": false
    },
    "@angular/material/core": {
      "src": "../../../../../../node_modules/@angular/material/fesm2022/core.mjs",
      "file": "@angular_material_core.js",
      "fileHash": "4d4b1fd8",
      "needsInterop": false
    },
    "@angular/material/datepicker": {
      "src": "../../../../../../node_modules/@angular/material/fesm2022/datepicker.mjs",
      "file": "@angular_material_datepicker.js",
      "fileHash": "625a2412",
      "needsInterop": false
    },
    "@angular/material/form-field": {
      "src": "../../../../../../node_modules/@angular/material/fesm2022/form-field.mjs",
      "file": "@angular_material_form-field.js",
      "fileHash": "44fae0db",
      "needsInterop": false
    },
    "@angular/material/icon": {
      "src": "../../../../../../node_modules/@angular/material/fesm2022/icon.mjs",
      "file": "@angular_material_icon.js",
      "fileHash": "50bc1490",
      "needsInterop": false
    },
    "@angular/material/input": {
      "src": "../../../../../../node_modules/@angular/material/fesm2022/input.mjs",
      "file": "@angular_material_input.js",
      "fileHash": "b79343ba",
      "needsInterop": false
    },
    "@angular/material/menu": {
      "src": "../../../../../../node_modules/@angular/material/fesm2022/menu.mjs",
      "file": "@angular_material_menu.js",
      "fileHash": "ac946749",
      "needsInterop": false
    },
    "@angular/material/paginator": {
      "src": "../../../../../../node_modules/@angular/material/fesm2022/paginator.mjs",
      "file": "@angular_material_paginator.js",
      "fileHash": "b2e449b3",
      "needsInterop": false
    },
    "@angular/material/progress-bar": {
      "src": "../../../../../../node_modules/@angular/material/fesm2022/progress-bar.mjs",
      "file": "@angular_material_progress-bar.js",
      "fileHash": "734f95fe",
      "needsInterop": false
    },
    "@angular/material/progress-spinner": {
      "src": "../../../../../../node_modules/@angular/material/fesm2022/progress-spinner.mjs",
      "file": "@angular_material_progress-spinner.js",
      "fileHash": "c28020da",
      "needsInterop": false
    },
    "@angular/material/radio": {
      "src": "../../../../../../node_modules/@angular/material/fesm2022/radio.mjs",
      "file": "@angular_material_radio.js",
      "fileHash": "0633de67",
      "needsInterop": false
    },
    "@angular/material/select": {
      "src": "../../../../../../node_modules/@angular/material/fesm2022/select.mjs",
      "file": "@angular_material_select.js",
      "fileHash": "11446278",
      "needsInterop": false
    },
    "@angular/material/slide-toggle": {
      "src": "../../../../../../node_modules/@angular/material/fesm2022/slide-toggle.mjs",
      "file": "@angular_material_slide-toggle.js",
      "fileHash": "a2d5f76e",
      "needsInterop": false
    },
    "@angular/material/sort": {
      "src": "../../../../../../node_modules/@angular/material/fesm2022/sort.mjs",
      "file": "@angular_material_sort.js",
      "fileHash": "76c8179e",
      "needsInterop": false
    },
    "@angular/material/table": {
      "src": "../../../../../../node_modules/@angular/material/fesm2022/table.mjs",
      "file": "@angular_material_table.js",
      "fileHash": "03bdd7bd",
      "needsInterop": false
    },
    "@angular/material/toolbar": {
      "src": "../../../../../../node_modules/@angular/material/fesm2022/toolbar.mjs",
      "file": "@angular_material_toolbar.js",
      "fileHash": "33025088",
      "needsInterop": false
    },
    "@angular/platform-browser": {
      "src": "../../../../../../node_modules/@angular/platform-browser/fesm2022/platform-browser.mjs",
      "file": "@angular_platform-browser.js",
      "fileHash": "0c5747e2",
      "needsInterop": false
    },
    "@angular/platform-browser/animations/async": {
      "src": "../../../../../../node_modules/@angular/platform-browser/fesm2022/animations/async.mjs",
      "file": "@angular_platform-browser_animations_async.js",
      "fileHash": "ed0be2c0",
      "needsInterop": false
    },
    "@angular/router": {
      "src": "../../../../../../node_modules/@angular/router/fesm2022/router.mjs",
      "file": "@angular_router.js",
      "fileHash": "4c39393d",
      "needsInterop": false
    },
    "ngx-quill": {
      "src": "../../../../../../node_modules/ngx-quill/fesm2022/ngx-quill.mjs",
      "file": "ngx-quill.js",
      "fileHash": "72e7ed80",
      "needsInterop": false
    },
    "ngx-skeleton-loader": {
      "src": "../../../../../../node_modules/ngx-skeleton-loader/fesm2022/ngx-skeleton-loader.mjs",
      "file": "ngx-skeleton-loader.js",
      "fileHash": "a443e945",
      "needsInterop": false
    }
  },
  "chunks": {
    "browser-XPXWF7RB": {
      "file": "browser-XPXWF7RB.js"
    },
    "quill-6JJT7MWF": {
      "file": "quill-6JJT7MWF.js"
    },
    "chunk-YHZQG3JS": {
      "file": "chunk-YHZQG3JS.js"
    },
    "chunk-GVZF4AGD": {
      "file": "chunk-GVZF4AGD.js"
    },
    "chunk-UO5ZM2BY": {
      "file": "chunk-UO5ZM2BY.js"
    },
    "chunk-CWEEFEZV": {
      "file": "chunk-CWEEFEZV.js"
    },
    "chunk-ZU63FM27": {
      "file": "chunk-ZU63FM27.js"
    },
    "chunk-G5RMHOFD": {
      "file": "chunk-G5RMHOFD.js"
    },
    "chunk-JXXAEHIC": {
      "file": "chunk-JXXAEHIC.js"
    },
    "chunk-M7U6YJK2": {
      "file": "chunk-M7U6YJK2.js"
    },
    "chunk-KLXKNWM3": {
      "file": "chunk-KLXKNWM3.js"
    },
    "chunk-WAMAERZZ": {
      "file": "chunk-WAMAERZZ.js"
    },
    "chunk-Q2UCJEEB": {
      "file": "chunk-Q2UCJEEB.js"
    },
    "chunk-W32QAUNZ": {
      "file": "chunk-W32QAUNZ.js"
    },
    "chunk-GVXIVFU2": {
      "file": "chunk-GVXIVFU2.js"
    },
    "chunk-6ZLSYGRX": {
      "file": "chunk-6ZLSYGRX.js"
    },
    "chunk-4MWRP73S": {
      "file": "chunk-4MWRP73S.js"
    }
  }
}